"namespace","assemblies","public_type_count","public_member_count"
"","NXOpenLoadContext","1","2"
"NXOpen","NXOpen | NXOpen.Guide | NXOpen.Utilities | NXOpenUI","1325","11214"
"NXOpen.AECDesign","NXOpen","15","85"
"NXOpen.ALPTest","NXOpen","1","3"
"NXOpen.Annotations","NXOpen","965","7047"
"NXOpen.Appearance","NXOpen","15","84"
"NXOpen.Assemblies","NXOpen","173","1283"
"NXOpen.Assemblies.ProductInterface","NXOpen","9","80"
"NXOpen.AutomatedTesting","NXOpen","5","26"
"NXOpen.BlockStyler","NXOpenUI","143","1564"
"NXOpen.BodyDes","NXOpen","12","140"
"NXOpen.CableRouter","NXOpen","18","208"
"NXOpen.CableRouter.Managed","NXOpen","47","387"
"NXOpen.CADCAEPrep","NXOpen","19","90"
"NXOpen.CAE","NXOpen","2438","16783"
"NXOpen.CAE.AeroStructures","NXOpen","95","735"
"NXOpen.CAE.AeroStructures.Author","NXOpen","31","197"
"NXOpen.CAE.Connections","NXOpen","164","1550"
"NXOpen.CAE.ContactPreview","NXOpen","4","17"
"NXOpen.CAE.FTK","NXOpen","25","153"
"NXOpen.CAE.Magnet","NXOpen","35","101"
"NXOpen.CAE.MeshMapping","NXOpen","1","2"
"NXOpen.CAE.ModelCheck","NXOpen","52","357"
"NXOpen.CAE.ModelDependencyCheck","NXOpen","2","14"
"NXOpen.CAE.Optimization","NXOpen","19","153"
"NXOpen.CAE.PenetrationCheck","NXOpen","16","78"
"NXOpen.CAE.PostProc","NXOpen","26","124"
"NXOpen.CAE.QualityAudit","NXOpen","67","218"
"NXOpen.CAE.ResponseSimulation","NXOpen","156","706"
"NXOpen.CAE.RotorDynamics","NXOpen","6","35"
"NXOpen.CAE.Safety","NXOpen","1","3"
"NXOpen.CAE.Xyplot","NXOpen","165","792"
"NXOpen.CAM","NXOpen","1898","12687"
"NXOpen.CAM.FBM","NXOpen","11","82"
"NXOpen.CLDCommon","NXOpen","3","4"
"NXOpen.CloudDM","NXOpen","19","122"
"NXOpen.CollaborationApplication","NXOpen","12","37"
"NXOpen.Copilot","NXOpen","2","8"
"NXOpen.DesignSimulation","NXOpen","99","721"
"NXOpen.Diagramming","NXOpen","113","632"
"NXOpen.Diagramming.Geometry","NXOpen","15","45"
"NXOpen.Diagramming.Tables","NXOpen","24","137"
"NXOpen.DiagrammingLibraryAuthor","NXOpen","22","141"
"NXOpen.Die","NXOpen","184","2004"
"NXOpen.Display","NXOpen","270","2011"
"NXOpen.Drafting","NXOpen","24","224"
"NXOpen.Drawings","NXOpen","343","2419"
"NXOpen.ElectricalRouting","NXOpen","11","55"
"NXOpen.Facet","NXOpen","108","779"
"NXOpen.Features","NXOpen","1491","9689"
"NXOpen.Features.AECDesign","NXOpen","131","598"
"NXOpen.Features.DrawShapes","NXOpen","30","139"
"NXOpen.Features.Industry","NXOpen","5","38"
"NXOpen.Features.SheetMetal","NXOpen","223","1722"
"NXOpen.Features.ShipDesign","NXOpen","621","4025"
"NXOpen.Features.ShipDesign.GeneralArrangement","NXOpen","8","53"
"NXOpen.Features.StructureDesign","NXOpen","139","862"
"NXOpen.Features.Subdivision","NXOpen","94","503"
"NXOpen.Features.VehicleDesign","NXOpen","349","3484"
"NXOpen.Fields","NXOpen","102","866"
"NXOpen.Formboard","NXOpen","25","185"
"NXOpen.Gateway","NXOpen","40","369"
"NXOpen.GCTools","NXOpen","5","62"
"NXOpen.GeometricAnalysis","NXOpen","148","1031"
"NXOpen.GeometricAnalysis.SectionAnalysis","NXOpen","27","157"
"NXOpen.GeometricUtilities","NXOpen","382","2775"
"NXOpen.GeometricUtilities.UVMapping","NXOpen","12","61"
"NXOpen.Implicit","NXOpen","67","225"
"NXOpen.InfoWindow","NXOpen","6","31"
"NXOpen.Issue","NXOpen","19","163"
"NXOpen.Layer","NXOpen","7","41"
"NXOpen.Layout2d","NXOpen","45","252"
"NXOpen.Markup","NXOpen","21","157"
"NXOpen.MBD","NXOpen","1","3"
"NXOpen.MechanicalRouting","NXOpen","78","590"
"NXOpen.Mechatronics","NXOpen","784","4745"
"NXOpen.MendixReporting","NXOpen","4","51"
"NXOpen.MenuBar","NXOpenUI","23","119"
"NXOpen.MigrationManager","NXOpen","1","3"
"NXOpen.ModlDirect","NXOpen","1","5"
"NXOpen.ModlUtils","NXOpen","12","62"
"NXOpen.Motion","NXOpen","696","4068"
"NXOpen.OpenXml","NXOpen","10","51"
"NXOpen.Optimization","NXOpen","21","118"
"NXOpen.Options","NXOpen","7","75"
"NXOpen.PartFamily","NXOpen","8","80"
"NXOpen.PcbExchange","NXOpen","133","1019"
"NXOpen.PDM","NXOpen | NXOpenUI","188","1210"
"NXOpen.PDM.SaveManagement","NXOpen","4","15"
"NXOpen.PhysMat","NXOpen","7","17"
"NXOpen.Placement","NXOpen","2","3"
"NXOpen.PLAS","NXOpen","5","19"
"NXOpen.Positioning","NXOpen","25","269"
"NXOpen.Preferences","NXOpen | NXOpenUI","355","2751"
"NXOpen.RegionRecognition","NXOpen","18","104"
"NXOpen.Report","NXOpen","35","182"
"NXOpen.Routing","NXOpen","397","3186"
"NXOpen.Routing.Electrical","NXOpen","56","230"
"NXOpen.RoutingCommon","NXOpen","94","690"
"NXOpen.Schematic","NXOpen","56","371"
"NXOpen.Schematic.Mechanical","NXOpen","9","52"
"NXOpen.Schematic.Model","NXOpen","4","3"
"NXOpen.Select","NXOpenUI","1","628"
"NXOpen.ShapeSearch","NXOpen","6","43"
"NXOpen.SheetMetal","NXOpen","17","156"
"NXOpen.ShipDesign","NXOpen","33","202"
"NXOpen.SIM","NXOpen","102","1051"
"NXOpen.SIM.PostConfigurator","NXOpen","37","291"
"NXOpen.StructureDesign","NXOpen","15","98"
"NXOpen.Sustainability","NXOpen","8","32"
"NXOpen.Tooling","NXOpen","922","8903"
"NXOpen.UF","NXOpen.UF","1148","20122"
"NXOpen.UIStyler","NXOpenUI","79","515"
"NXOpen.UserDefinedObjects","NXOpen","32","348"
"NXOpen.UserDefinedTemplate","NXOpen","86","805"
"NXOpen.Utilities","NXOpen.Utilities","36","517"
"NXOpen.Validate","NXOpen","88","900"
"NXOpen.Validate.Corrosion","NXOpen","10","80"
"NXOpen.VectorArithmetic","NXOpen.Utilities","3","26"
"NXOpen.VisualReporting","NXOpen","38","410"
"NXOpen.Weld","NXOpen","226","2046"
"NXOpenUI","NXOpen.Utilities","2","15"
